Workbook

Sheet Plan
A1: YAYIN PLANI · 11-18 Ekim 2026
A2: Durum sütununu açılır listeden işaretle; Özet sayfasındaki bütün sayımlar kendiliğinden güncellenir. Diğer sütunlar kuyruktan geliyor (sira.py), elle değiştirme.
A4: Tarih | B4: Gün | C4: Saat | D4: Tür | E4: Kategori | F4: Başlık | G4: Klasör | H4: Kare | I4: Platform | J4: Metin (karakter) | K4: Durum | L4: Not
A5: 46306 | B5: Pazar | C5: 11:40 | D5: GÖNDERİ | E5: 3D Baskı & Üretim | F5: Sunlu PLA Hangi Seri Ne Yapar | G5: 2026-10-11-sunlu-pla-kartelasi | H5: 6 | I5: Instagram | J5: 1317 | K5: Bekliyor
A6: 46306 | B6: Pazar | C6: 12:20 | D6: HİKAYE | E6: 3D Baskı & Üretim | F6: Sunlu PLA Hangi Seri Ne Yapar | G6: 2026-10-11-sunlu-pla-kartelasi | H6: 1 | I6: Instagram | J6: 0 | K6: Bekliyor
A7: 46306 | B7: Pazar | C7: 12:20 | D7: GÖNDERİ | E7: Elektronik & IoT | F7: Jetson Orin Nano Super | G7: 2026-10-11-jetson-orin-nano | H7: 4 | I7: Instagram | J7: 992 | K7: Bekliyor
A8: 46306 | B8: Pazar | C8: 13:00 | D8: HİKAYE | E8: Elektronik & IoT | F8: Jetson Orin Nano Super | G8: 2026-10-11-jetson-orin-nano | H8: 1 | I8: Instagram | J8: 0 | K8: Bekliyor
A9: 46306 | B9: Pazar | C9: 17:10 | D9: GÖNDERİ | E9: Ürün & Mağaza | F9: Bambu Lab R1 Lazer | G9: 2026-10-10-bambu-r1-tanitim | H9: 5 | I9: Instagram | J9: 1463 | K9: Bekliyor
A10: 46306 | B10: Pazar | C10: 17:50 | D10: HİKAYE | E10: Ürün & Mağaza | F10: Bambu Lab R1 Lazer | G10: 2026-10-10-bambu-r1-tanitim | H10: 1 | I10: Instagram | J10: 0 | K10: Bekliyor
A11: 46306 | B11: Pazar | C11: 19:50 | D11: REELS | E11: — | F11: Bambu Lab R1 Lazer | G11: 2026-10-10-bambu-r1-tanitim | H11: 1 | I11: Instagram, YouTube, TikTok | J11: 1463 | K11: Bekliyor
A12: 46306 | B12: Pazar | C12: 21:00 | D12: GÖNDERİ | E12: Proje & Atölye | F12: Müşteriye Fiyat Vermek 6 Kalem | G12: 2026-10-11-musteriye-fiyat | H12: 4 | I12: Instagram | J12: 945 | K12: Bekliyor
A13: 46306 | B13: Pazar | C13: 21:40 | D13: HİKAYE | E13: Proje & Atölye | F13: Müşteriye Fiyat Vermek 6 Kalem | G13: 2026-10-11-musteriye-fiyat | H13: 1 | I13: Instagram | J13: 0 | K13: Bekliyor
A14: 46307 | B14: Pazartesi | C14: 08:12 | D14: GÖNDERİ | E14: 3D Baskı & Üretim | F14: Yapışma Yüzeyleri PEI, Garolit, Cam | G14: 2026-10-12-yapisma-yuzeyleri | H14: 5 | I14: Instagram | J14: 948 | K14: Bekliyor
A15: 46307 | B15: Pazartesi | C15: 08:52 | D15: HİKAYE | E15: 3D Baskı & Üretim | F15: Yapışma Yüzeyleri PEI, Garolit, Cam | G15: 2026-10-12-yapisma-yuzeyleri | H15: 1 | I15: Instagram | J15: 0 | K15: Bekliyor
A16: 46307 | B16: Pazartesi | C16: 12:38 | D16: GÖNDERİ | E16: Elektronik & IoT | F16: Deep Sleep 10 µA Kartta Çıkmıyor | G16: 2026-10-12-deep-sleep-akim | H16: 4 | I16: Instagram | J16: 948 | K16: Bekliyor
... A86: 46315 | B86: Salı | C86: 08:52 | D86: HİKAYE | E86: 3D Baskı & Üretim | F86: Hangi Sunlu Filament? | G86: 2026-10-16-sunlu-filament-pano | H86: 1 | I86: Instagram | J86: 0 | K86: Bekliyor

Sheet Özet
A1: ÖZET
A2: Buradaki her sayı Plan sayfasından formülle geliyor; elle hesap yok.
A4: Türe göre
A5: Tür | B5: Adet | C5: Yayınlandı | D5: Kalan | E5: Tamamlanma
A6: GÖNDERİ | B6: =COUNTIF(Plan!$D$5:$D$86,A6) -> 34 | C6: =COUNTIFS(Plan!$D$5:$D$86,A6,Plan!$K$5:$K$86,"Yayınlandı") -> 0 | D6: =B6-C6 -> 34 | E6: =IF(B6=0,0,C6/B6) -> 0
A7: HİKAYE | B7: =COUNTIF(Plan!$D$5:$D$86,A7) -> 38 | C7: =COUNTIFS(Plan!$D$5:$D$86,A7,Plan!$K$5:$K$86,"Yayınlandı") -> 0 | D7: =B7-C7 -> 38 | E7: =IF(B7=0,0,C7/B7) -> 0
A8: REELS | B8: =COUNTIF(Plan!$D$5:$D$86,A8) -> 8 | C8: =COUNTIFS(Plan!$D$5:$D$86,A8,Plan!$K$5:$K$86,"Yayınlandı") -> 0 | D8: =B8-C8 -> 8 | E8: =IF(B8=0,0,C8/B8) -> 0
A9: KAMPANYA | B9: =COUNTIF(Plan!$D$5:$D$86,A9) -> 2 | C9: =COUNTIFS(Plan!$D$5:$D$86,A9,Plan!$K$5:$K$86,"Yayınlandı") -> 0 | D9: =B9-C9 -> 2 | E9: =IF(B9=0,0,C9/B9) -> 0
A10: TOPLAM | B10: =SUM(B6:B9) -> 82 | C10: =SUM(C6:C9) -> 0 | D10: =SUM(D6:D9) -> 82 | E10: =IF(B10=0,0,C10/B10) -> 0
A13: Güne göre
A14: Tarih | B14: Gün | C14: Gönderi | D14: Hikaye | E14: Reels | F14: Kampanya | G14: Toplam | H14: Yayınlandı | I14: Tamamlanma
A15: 46306 | B15: Pazar | C15: =COUNTIFS(Plan!$A$5:$A$86,$A15,Plan!$D$5:$D$86,"GÖNDERİ") -> 4 | D15: =COUNTIFS(Plan!$A$5:$A$86,$A15,Plan!$D$5:$D$86,"HİKAYE") -> 4 | E15: =COUNTIFS(Plan!$A$5:$A$86,$A15,Plan!$D$5:$D$86,"REELS") -> 1 | F15: =COUNTIFS(Plan!$A$5:$A$86,$A15,Plan!$D$5:$D$86,"KAMPANYA") -> 0 | G15: =SUM(C15:F15) -> 9 | H15: =COUNTIFS(Plan!$A$5:$A$86,$A15,Plan!$K$5:$K$86,"Yayınlandı") -> 0 | I15: =IF(G15=0,0,H15/G15) -> 0
A16: 46307 | B16: Pazartesi | C16: =COUNTIFS(Plan!$A$5:$A$86,$A16,Plan!$D$5:$D$86,"GÖNDERİ") -> 4 | D16: =COUNTIFS(Plan!$A$5:$A$86,$A16,Plan!$D$5:$D$86,"HİKAYE") -> 5 | E16: =COUNTIFS(Plan!$A$5:$A$86,$A16,Plan!$D$5:$D$86,"REELS") -> 1 | F16: =COUNTIFS(Plan!$A$5:$A$86,$A16,Plan!$D$5:$D$86,"KAMPANYA") -> 1 | G16: =SUM(C16:F16) -> 11 | H16: =COUNTIFS(Plan!$A$5:$A$86,$A16,Plan!$K$5:$K$86,"Yayınlandı") -> 0 | I16: =IF(G16=0,0,H16/G16) -> 0
A17: 46308 | B17: Salı | C17: =COUNTIFS(Plan!$A$5:$A$86,$A17,Plan!$D$5:$D$86,"GÖNDERİ") -> 4 | D17: =COUNTIFS(Plan!$A$5:$A$86,$A17,Plan!$D$5:$D$86,"HİKAYE") -> 5 | E17: =COUNTIFS(Plan!$A$5:$A$86,$A17,Plan!$D$5:$D$86,"REELS") -> 1 | F17: =COUNTIFS(Plan!$A$5:$A$86,$A17,Plan!$D$5:$D$86,"KAMPANYA") -> 0 | G17: =SUM(C17:F17) -> 10 | H17: =COUNTIFS(Plan!$A$5:$A$86,$A17,Plan!$K$5:$K$86,"Yayınlandı") -> 0 | I17: =IF(G17=0,0,H17/G17) -> 0
A18: 46309 | B18: Çarşamba | C18: =COUNTIFS(Plan!$A$5:$A$86,$A18,Plan!$D$5:$D$86,"GÖNDERİ") -> 4 | D18: =COUNTIFS(Plan!$A$5:$A$86,$A18,Plan!$D$5:$D$86,"HİKAYE") -> 5 | E18: =COUNTIFS(Plan!$A$5:$A$86,$A18,Plan!$D$5:$D$86,"REELS") -> 1 | F18: =COUNTIFS(Plan!$A$5:$A$86,$A18,Plan!$D$5:$D$86,"KAMPANYA") -> 0 | G18: =SUM(C18:F18) -> 10 | H18: =COUNTIFS(Plan!$A$5:$A$86,$A18,Plan!$K$5:$K$86,"Yayınlandı") -> 0 | I18: =IF(G18=0,0,H18/G18) -> 0
A19: 46310 | B19: Perşembe | C19: =COUNTIFS(Plan!$A$5:$A$86,$A19,Plan!$D$5:$D$86,"GÖNDERİ") -> 4 | D19: =COUNTIFS(Plan!$A$5:$A$86,$A19,Plan!$D$5:$D$86,"HİKAYE") -> 5 | E19: =COUNTIFS(Plan!$A$5:$A$86,$A19,Plan!$D$5:$D$86,"REELS") -> 1 | F19: =COUNTIFS(Plan!$A$5:$A$86,$A19,Plan!$D$5:$D$86,"KAMPANYA") -> 1 | G19: =SUM(C19:F19) -> 11 | H19: =COUNTIFS(Plan!$A$5:$A$86,$A19,Plan!$K$5:$K$86,"Yayınlandı") -> 0 | I19: =IF(G19=0,0,H19/G19) -> 0
A20: 46311 | B20: Cuma | C20: =COUNTIFS(Plan!$A$5:$A$86,$A20,Plan!$D$5:$D$86,"GÖNDERİ") -> 4 | D20: =COUNTIFS(Plan!$A$5:$A$86,$A20,Plan!$D$5:$D$86,"HİKAYE") -> 4 | E20: =COUNTIFS(Plan!$A$5:$A$86,$A20,Plan!$D$5:$D$86,"REELS") -> 1 | F20: =COUNTIFS(Plan!$A$5:$A$86,$A20,Plan!$D$5:$D$86,"KAMPANYA") -> 0 | G20: =SUM(C20:F20) -> 9 | H20: =COUNTIFS(Plan!$A$5:$A$86,$A20,Plan!$K$5:$K$86,"Yayınlandı") -> 0 | I20: =IF(G20=0,0,H20/G20) -> 0
A21: 46312 | B21: Cumartesi | C21: =COUNTIFS(Plan!$A$5:$A$86,$A21,Plan!$D$5:$D$86,"GÖNDERİ") -> 4 | D21: =COUNTIFS(Plan!$A$5:$A$86,$A21,Plan!$D$5:$D$86,"HİKAYE") -> 4 | E21: =COUNTIFS(Plan!$A$5:$A$86,$A21,Plan!$D$5:$D$86,"REELS") -> 1 | F21: =COUNTIFS(Plan!$A$5:$A$86,$A21,Plan!$D$5:$D$86,"KAMPANYA") -> 0 | G21: =SUM(C21:F21) -> 9 | H21: =COUNTIFS(Plan!$A$5:$A$86,$A21,Plan!$K$5:$K$86,"Yayınlandı") -> 0 | I21: =IF(G21=0,0,H21/G21) -> 0
A22: 46313 | B22: Pazar | C22: =COUNTIFS(Plan!$A$5:$A$86,$A22,Plan!$D$5:$D$86,"GÖNDERİ") -> 4 | D22: =COUNTIFS(Plan!$A$5:$A$86,$A22,Plan!$D$5:$D$86,"HİKAYE") -> 4 | E22: =COUNTIFS(Plan!$A$5:$A$86,$A22,Plan!$D$5:$D$86,"REELS") -> 1 | F22: =COUNTIFS(Plan!$A$5:$A$86,$A22,Plan!$D$5:$D$86,"KAMPANYA") -> 0 | G22: =SUM(C22:F22) -> 9 | H22: =COUNTIFS(Plan!$A$5:$A$86,$A22,Plan!$K$5:$K$86,"Yayınlandı") -> 0 | I22: =IF(G22=0,0,H22/G22) -> 0
A23: 46314 | B23: Pazartesi | C23: =COUNTIFS(Plan!$A$5:$A$86,$A23,Plan!$D$5:$D$86,"GÖNDERİ") -> 1 | D23: =COUNTIFS(Plan!$A$5:$A$86,$A23,Plan!$D$5:$D$86,"HİKAYE") -> 1 | E23: =COUNTIFS(Plan!$A$5:$A$86,$A23,Plan!$D$5:$D$86,"REELS") -> 0 | F23: =COUNTIFS(Plan!$A$5:$A$86,$A23,Plan!$D$5:$D$86,"KAMPANYA") -> 0 | G23: =SUM(C23:F23) -> 2 | H23: =COUNTIFS(Plan!$A$5:$A$86,$A23,Plan!$K$5:$K$86,"Yayınlandı") -> 0 | I23: =IF(G23=0,0,H23/G23) -> 0
A24: 46315 | B24: Salı | C24: =COUNTIFS(Plan!$A$5:$A$86,$A24,Plan!$D$5:$D$86,"GÖNDERİ") -> 1 | D24: =COUNTIFS(Plan!$A$5:$A$86,$A24,Plan!$D$5:$D$86,"HİKAYE") -> 1 | E24: =COUNTIFS(Plan!$A$5:$A$86,$A24,Plan!$D$5:$D$86,"REELS") -> 0 | F24: =COUNTIFS(Plan!$A$5:$A$86,$A24,Plan!$D$5:$D$86,"KAMPANYA") -> 0 | G24: =SUM(C24:F24) -> 2 | H24: =COUNTIFS(Plan!$A$5:$A$86,$A24,Plan!$K$5:$K$86,"Yayınlandı") -> 0 | I24: =IF(G24=0,0,H24/G24) -> 0
A25: TOPLAM | C25: =SUM(C15:C24) -> 34 | D25: =SUM(D15:D24) -> 38 | E25: =SUM(E15:E24) -> 8 | F25: =SUM(F15:F24) -> 2 | G25: =SUM(G15:G24) -> 82 | H25: =SUM(H15:H24) -> 0 | I25: =IF(G25=0,0,H25/G25) -> 0
A28: Kategoriye göre (gönderi slotları)
A29: Kategori | B29: Adet | C29: Yayınlandı | D29: Ortalama metin (karakter)
A30: 3D Baskı & Üretim | B30: =COUNTIF(Plan!$E$5:$E$86,A30) -> 18 | C30: =COUNTIFS(Plan!$E$5:$E$86,A30,Plan!$K$5:$K$86,"Yayınlandı") -> 0 | D30: =IFERROR(ROUND(SUMIFS(Plan!$J$5:$J$86,Plan!$E$5:$E$86,A30,Plan!$D$5:$D$86,"GÖNDERİ")/COUNTIFS(Plan!$E$5:$E$86,A30,Plan!$D$5:$D$86,"GÖNDERİ"),0),0) -> 1420
A31: Elektronik & IoT | B31: =COUNTIF(Plan!$E$5:$E$86,A31) -> 18 | C31: =COUNTIFS(Plan!$E$5:$E$86,A31,Plan!$K$5:$K$86,"Yayınlandı") -> 0 | D31: =IFERROR(ROUND(SUMIFS(Plan!$J$5:$J$86,Plan!$E$5:$E$86,A31,Plan!$D$5:$D$86,"GÖNDERİ")/COUNTIFS(Plan!$E$5:$E$86,A31,Plan!$D$5:$D$86,"GÖNDERİ"),0),0) -> 1325
A32: Ürün & Mağaza | B32: =COUNTIF(Plan!$E$5:$E$86,A32) -> 16 | C32: =COUNTIFS(Plan!$E$5:$E$86,A32,Plan!$K$5:$K$86,"Yayınlandı") -> 0 | D32: =IFERROR(ROUND(SUMIFS(Plan!$J$5:$J$86,Plan!$E$5:$E$86,A32,Plan!$D$5:$D$86,"GÖNDERİ")/COUNTIFS(Plan!$E$5:$E$86,A32,Plan!$D$5:$D$86,"GÖNDERİ"),0),0) -> 1508
A33: Proje & Atölye | B33: =COUNTIF(Plan!$E$5:$E$86,A33) -> 16 | C33: =COUNTIFS(Plan!$E$5:$E$86,A33,Plan!$K$5:$K$86,"Yayınlandı") -> 0 | D33: =IFERROR(ROUND(SUMIFS(Plan!$J$5:$J$86,Plan!$E$5:$E$86,A33,Plan!$D$5:$D$86,"GÖNDERİ")/COUNTIFS(Plan!$E$5:$E$86,A33,Plan!$D$5:$D$86,"GÖNDERİ"),0),0) -> 1286
